artist,country,song_title,year,original_lang,translated,compound,positive,negative,neutral,period
Jamala,Ukraine,1944,2016,en,False,0.9686,0.152,0.05,0.798,pre
Jamala,Ukraine,Крила (Wings),2018,uk,True,-0.9826,0.065,0.141,0.794,pre
Jamala,Ukraine,Обещание (Promise),2015,ru,True,0.9931,0.352,0.074,0.574,pre
Jamala,Ukraine,Маменькин сынок (Mama’s Boy),2011,ru,True,-0.984,0.06,0.152,0.788,pre
Jamala,Ukraine,I Believe In U,2017,en,False,-0.2977,0.125,0.12,0.755,pre
Jamala,Ukraine,Иные (Others),2015,ru,True,0.7184,0.088,0.058,0.854,pre
Jamala,Ukraine,Smile,2010,en,False,0.9977,0.408,0.04,0.552,pre
Jamala,Ukraine,History Repeating,2011,en,False,0.9527,0.148,0.063,0.789,pre
Jamala,Ukraine,Кличу (I’m calling),2024,uk,True,0.6273,0.065,0.069,0.866,post
Jamala,Ukraine,Кактус (Cactus),2013,ru,True,0.9953,0.2,0.059,0.741,pre
Jamala,Ukraine,Sister’s Lullaby,2015,en,False,0.9974,0.385,0.071,0.545,pre
Jamala,Ukraine,I’m Like a Bird,2013,en,False,0.8093,0.181,0.113,0.706,pre
Jamala,Ukraine,Я люблю тебя (I Love You),2012,ru,True,0.994,0.263,0.028,0.709,pre
Jamala,Ukraine,Шлях додому (Way To Home),2015,uk,True,-0.8625,0.027,0.075,0.898,pre
Jamala,Ukraine,У осени твои глаза (Autumn Has Your Eyes),2013,ru,True,0.989,0.194,0.11,0.696,pre
Jamala,Ukraine,"It’s Me, Jamala",2010,en,False,0.9801,0.149,0.027,0.823,pre
Jamala,Ukraine,Thank You,2014,en,False,0.9994,0.488,0.032,0.479,pre
Jamala,Ukraine,"Thank you, Stranger",2022,en,False,0.9816,0.213,0.032,0.755,post
Jamala,Ukraine,Заплуталась (Confused),2014,uk,True,0.9795,0.229,0.079,0.693,pre
Jamala,Ukraine,Çalbaş Bora,2023,tr,True,-0.9528,0.0,0.218,0.782,post
Kalush Orchestra,Ukraine,Ushme Uturbe,2023,en,False,-0.9812,0.067,0.136,0.797,post
Kalush Orchestra,Ukraine,Нумо козаки (Numo Kozaky),2022,uk,True,0.6054,0.107,0.085,0.808,post
Kalush Orchestra,Ukraine,Коли (When),2024,uk,True,0.9964,0.222,0.036,0.743,post
Kalush Orchestra,Ukraine,Штомбер Вомбер (Shtomber Womber),2021,uk,True,0.985,0.187,0.077,0.737,pre
Kalush Orchestra,Ukraine,Shchedryi Vechir,2023,uk,True,0.9986,0.309,0.036,0.655,post
Okean Elzy,Ukraine,Обійми (Hug),2013,uk,True,0.995,0.417,0.089,0.494,pre
Okean Elzy,Ukraine,Без бою (Without a Fight),2005,uk,True,0.8176,0.09,0.052,0.858,pre
Okean Elzy,Ukraine,На небі (In the sky),2013,uk,True,0.9986,0.308,0.012,0.68,pre
Okean Elzy,Ukraine,Я так хочу (I want to),2010,uk,True,0.9797,0.163,0.036,0.801,pre
Okean Elzy,Ukraine,Не твоя війна (Not Your War),2015,uk,True,0.9655,0.138,0.033,0.829,pre
Okean Elzy,Ukraine,Як ніколи (Like Never Before),2024,uk,True,-0.9771,0.155,0.203,0.641,post
Okean Elzy,Ukraine,"Там, де нас нема (Where We Are Not)",1998,uk,True,0.5411,0.028,0.009,0.963,pre
Okean Elzy,Ukraine,Мукачево (Mukachevo),2024,uk,True,-0.9186,0.028,0.077,0.895,post
Okean Elzy,Ukraine,Кавачай (Coffeetea),2000,ru,True,-0.9567,0.052,0.112,0.836,pre
Okean Elzy,Ukraine,2000 миль (Miles),2024,uk,True,-0.5466,0.031,0.045,0.924,post
Okean Elzy,Ukraine,Коли тебе нема (When you are absent),2000,uk,True,-0.911,0.0,0.096,0.904,pre
Okean Elzy,Ukraine,Без тебе (Without you),2018,uk,True,-0.5627,0.053,0.083,0.864,pre
Okean Elzy,Ukraine,Стріляй (Shoot),2013,uk,True,0.5586,0.084,0.094,0.822,pre
Okean Elzy,Ukraine,Місто весни (Spring Town),2021,uk,True,0.9499,0.104,0.053,0.843,pre
Okean Elzy,Ukraine,Не питай (Don’t Ask),2005,uk,True,0.9235,0.123,0.0,0.877,pre
Okean Elzy,Ukraine,Квітка (Flower),2001,uk,True,0.9168,0.131,0.042,0.826,pre
Okean Elzy,Ukraine,Rendez-Vous,2013,uk,True,0.3612,0.019,0.009,0.972,pre
Okean Elzy,Ukraine,Коли ми двоє (When we are together),2023,uk,True,0.2014,0.044,0.035,0.921,post
Okean Elzy,Ukraine,Квіти мінних зон (Flowers of minefields),2022,uk,True,-0.9879,0.012,0.197,0.79,post
Okean Elzy,Ukraine,Відпусти (Let me go),2000,uk,True,0.658,0.048,0.029,0.923,pre
Antytila,Ukraine,TDME,2017,uk,True,0.9822,0.128,0.016,0.855,pre
Antytila,Ukraine,Фортеця Бахмут (Bakhmut Fortress),2023,uk,True,-0.9514,0.154,0.201,0.644,post
Antytila,Ukraine,Лови момент (Catch the moment),2018,uk,True,0.8835,0.078,0.033,0.889,pre
Antytila,Ukraine,ВДОМА (AT HOME),2024,uk,True,0.9629,0.131,0.06,0.809,post
Antytila,Ukraine,Люди як кораблі (People Are Like Boats),2016,uk,True,0.25,0.085,0.072,0.844,pre
Antytila,Ukraine,Бери своє (Take what’s yours),2008,uk,True,0.9646,0.125,0.072,0.803,pre
Antytila,Ukraine,Молоком (With Milk),2015,uk,True,0.7597,0.123,0.093,0.784,pre
Antytila,Ukraine,ДИВИСЬ У МІЙ ЕКРАН (Look Into My Screen),2025,uk,True,0.9715,0.129,0.083,0.788,post
Antytila,Ukraine,HELLO,2019,uk,True,0.9491,0.133,0.046,0.821,pre
Antytila,Ukraine,Ти саме та (You are the one),2024,uk,True,0.9822,0.146,0.058,0.795,post
Antytila,Ukraine,Вірила (Believed),2019,uk,True,0.9956,0.171,0.016,0.813,pre
Antytila,Ukraine,Кіно (Cinema),2020,uk,True,0.7527,0.05,0.013,0.936,pre
Antytila,Ukraine,Lego,2018,uk,True,-0.7689,0.084,0.143,0.773,pre
Antytila,Ukraine,Одинак (Loner),2016,uk,True,-0.9787,0.062,0.17,0.769,pre
Antytila,Ukraine,Все красиво (All is pretty),2015,uk,True,0.9985,0.262,0.027,0.712,pre
Antytila,Ukraine,Маскарад (Masquerade),2021,uk,True,0.8655,0.081,0.054,0.866,pre
Antytila,Ukraine,Ів Кусто (Yves Cousteau),2011,uk,True,0.9876,0.168,0.065,0.767,pre
Antytila,Ukraine,Будувуду (Buduvudou),2008,uk,True,0.9983,0.239,0.026,0.735,pre
Antytila,Ukraine,Поламані (Broken),2024,uk,True,-0.9836,0.121,0.223,0.655,post
Antytila,Ukraine,Рожеві діви (Pink girls),2011,uk,True,0.7641,0.06,0.028,0.912,pre
Boombox,Ukraine,Moon Love,2018,en,False,0.9874,0.164,0.063,0.773,pre
Boombox,Ukraine,Whisper,2018,en,False,-0.946,0.077,0.161,0.762,pre
Boombox,Ukraine,People I Know,2018,en,False,0.5118,0.063,0.042,0.895,pre
Boombox,Ukraine,Alamo,2017,en,False,-0.3695,0.0,0.046,0.954,pre
Boombox,Ukraine,Reaper,2021,en,False,-0.998,0.078,0.255,0.667,pre
Boombox,Ukraine,Dem Fraid,2017,en,False,0.8299,0.097,0.038,0.865,pre
Boombox,Ukraine,NEW WIP,2019,en,False,0.907,0.116,0.065,0.819,pre
Boombox,Ukraine,B2U,2015,en,False,0.0,0.0,0.0,1.0,pre
Boombox,Ukraine,All I Want,2019,en,False,0.9948,0.19,0.057,0.752,pre
Boombox,Ukraine,Drip,2019,en,False,0.5106,0.03,0.017,0.954,pre
Boombox,Ukraine,4u,2019,en,False,0.9336,0.112,0.058,0.83,pre
Boombox,Ukraine,Colors,2016,en,False,0.9052,0.141,0.048,0.811,pre
Boombox,Ukraine,Fatal Attraction,2021,en,False,-0.999,0.116,0.313,0.571,pre
Boombox,Ukraine,Supernatural,2016,en,False,0.7757,0.1,0.038,0.861,pre
Boombox,Ukraine,Heart of Stone,2022,en,False,0.9983,0.246,0.062,0.692,post
Boombox,Ukraine,Shadow,2021,en,False,-0.1116,0.15,0.142,0.708,pre
Boombox,Ukraine,Guac,2024,en,False,-0.9223,0.036,0.083,0.881,post
Boombox,Ukraine,Guide You (Signal),2024,en,False,0.9847,0.171,0.052,0.777,post
Alyona Alyona,Ukraine,Teresa & Maria,2024,uk,True,0.8137,0.094,0.084,0.822,post
Alyona Alyona,Ukraine,ПОДОЛЯНОЧКА (GET UP),2024,uk,True,0.8295,0.066,0.044,0.89,post
Alyona Alyona,Ukraine,Пушка (Bomb),2019,uk,True,-0.8651,0.055,0.081,0.863,pre
Alyona Alyona,Ukraine,Падло (Padlo),2019,uk,True,-0.8165,0.056,0.064,0.88,pre
Alyona Alyona,Ukraine,KUPALA,2022,uk,True,0.9852,0.092,0.019,0.889,post
Alyona Alyona,Ukraine,Як би я була не я (If I wasn’t myself),2019,uk,True,0.9949,0.107,0.041,0.852,pre
Alyona Alyona,Ukraine,Відчиняй (Open Up),2018,uk,True,0.9269,0.05,0.031,0.919,pre
Alyona Alyona,Ukraine,Голови (Heads),2018,uk,True,-0.9727,0.037,0.1,0.863,pre
Alyona Alyona,Ukraine,Dym,2021,uk,True,-0.9982,0.106,0.291,0.603,pre
Alyona Alyona,Ukraine,Завтра (Tomorrow),2019,uk,True,-0.0711,0.049,0.048,0.903,pre
Alyona Alyona,Ukraine,Чому? (Why?),2022,uk,True,0.9922,0.17,0.067,0.763,post
Alyona Alyona,Ukraine,Тато (Dad),2024,uk,True,0.9984,0.246,0.049,0.705,post
Alyona Alyona,Ukraine,Залишаю свiй дiм (Leaving my home),2018,uk,True,0.9901,0.123,0.08,0.797,pre
Alyona Alyona,Ukraine,Щедра ніч (Shchedra nich),2023,uk,True,0.9984,0.242,0.021,0.736,post
Alyona Alyona,Ukraine,Dai Boh,2022,uk,True,0.9307,0.123,0.071,0.806,post
Alyona Alyona,Ukraine,Pappi Pappi,2021,es,True,0.8177,0.092,0.1,0.808,pre
Alyona Alyona,Ukraine,Shalom,2021,uk,True,0.2175,0.089,0.082,0.829,pre
Alyona Alyona,Ukraine,Рибки 3 (Fishes 3),2019,uk,True,0.9822,0.128,0.051,0.822,pre
Alyona Alyona,Ukraine,Рідні мої (My relatives),2022,uk,True,0.9909,0.146,0.039,0.816,post
Alyona Alyona,Ukraine,Велика й смiшна (Big & Funny),2019,uk,True,0.9963,0.164,0.025,0.811,pre
Jerry Heil,Ukraine,Додай гучності (12 points),2025,uk,True,0.9591,0.135,0.06,0.805,post
Jerry Heil,Ukraine,CATHARTICUS (prayer),2026,bg,True,0.9839,0.203,0.044,0.753,post
Jerry Heil,Ukraine,ВИМОЛИВ (PRAYED FOR YOU),2025,uk,True,0.9911,0.198,0.072,0.73,post
Jerry Heil,Ukraine,#ОХРАНА_ОТМЄНА (#SECURITY_CANCELLATION),2019,uk,True,0.9209,0.069,0.031,0.9,pre
Jerry Heil,Ukraine,З якого ти поверху неба? (Which Floor of Heaven Are You From?),2025,uk,True,0.9302,0.062,0.021,0.917,post
Jerry Heil,Ukraine,Привіт. Hello,2026,uk,True,0.8617,0.077,0.06,0.863,post
Jerry Heil,Ukraine,WHEN GOD SHUT THE DOOR,2022,en,False,0.9864,0.191,0.054,0.755,post
Jerry Heil,Ukraine,ГУБИ У ГУБАХ (LIPS IN LIPS),2024,uk,True,0.9071,0.074,0.043,0.882,post
Jerry Heil,Ukraine,СНІГ (SNOW),2024,uk,True,0.8824,0.128,0.111,0.76,post
Jerry Heil,Ukraine,НА КИЛИМІ (ON THE CARPET),2025,uk,True,0.9145,0.08,0.039,0.88,post
Jerry Heil,Ukraine,Earth (Dradada),2025,en,False,0.8669,0.101,0.079,0.82,post
Jerry Heil,Ukraine,#AllEyesOnKids,2024,en,False,0.8062,0.036,0.012,0.952,post
Jerry Heil,Ukraine,LOVE ME HARD,2025,en,False,-0.926,0.167,0.23,0.603,post
Jerry Heil,Ukraine,ТУК ТУК ТУК (KNOCK KNOCK KNOCK),2021,uk,True,0.9982,0.241,0.036,0.723,pre
Jerry Heil,Ukraine,#ЗДН (#ZDN),2021,uk,True,0.9952,0.229,0.028,0.743,pre
Jerry Heil,Ukraine,#НЕБЕЙБІ (#NOTBABY),2020,uk,True,0.1818,0.082,0.077,0.842,pre
Jerry Heil,Ukraine,BRONIA,2023,uk,True,-0.7555,0.077,0.095,0.828,post
Jerry Heil,Ukraine,ТРИ ПОЛОСИ (Three Stripes),2023,uk,True,0.4207,0.075,0.069,0.856,post
Jerry Heil,Ukraine,CATHARTICUS (Greek Version),2026,bg,True,0.9789,0.165,0.042,0.793,post
Jerry Heil,Ukraine,Сонце Монако (Sun Monaco),2022,uk,True,-0.3736,0.0,0.087,0.913,post
Ruslana,Ukraine,Wild Dances,2004,en,False,0.9835,0.157,0.011,0.832,pre
Ruslana,Ukraine,Дикі танці (Wild Dances - Ukrainian version),2004,uk,True,0.848,0.09,0.031,0.879,pre
Ruslana,Ukraine,Dance With The Wolves,,en,False,0.9422,0.082,0.061,0.857,post
Ruslana,Ukraine,Heart On Fire,,en,False,0.9765,0.178,0.14,0.682,post
Ruslana,Ukraine,The Same Star,2004,en,False,0.9759,0.093,0.0,0.907,pre
Ruslana,Ukraine,"Wild Dances, Pt. 2",,en,False,0.8902,0.063,0.017,0.92,post
Ruslana,Ukraine,Moon Of Dreams,,en,False,0.993,0.193,0.093,0.714,post
Ruslana,Ukraine,Wild Energy,,en,False,0.9887,0.213,0.018,0.77,post
Ruslana,Ukraine,"Гей, Маланка (Hey, Malanka)",2025,uk,True,-0.926,0.01,0.066,0.924,post
Ruslana,Ukraine,Like a Hurricane,,en,False,0.9182,0.091,0.01,0.899,post
Ruslana,Ukraine,The Tango We Used To Dance,,en,False,0.9214,0.115,0.035,0.85,post
Ruslana,Ukraine,The Girl That Rules,,en,False,0.9974,0.147,0.017,0.837,post
Ruslana,Ukraine,This is Euphoria,2012,uk,True,0.9919,0.225,0.02,0.755,pre
Ruslana,Ukraine,Wild Passion,,en,False,0.6834,0.144,0.097,0.759,post
Ruslana,Ukraine,I’ll Follow The Night,,en,False,0.9366,0.111,0.022,0.868,post
Ruslana,Ukraine,Silent Angel,,en,False,0.663,0.161,0.104,0.735,post
Ruslana,Ukraine,"Play, Musician",,en,False,0.8734,0.148,0.102,0.75,post
Ruslana,Ukraine,ЗАКРУТИЛА (TURNED UP),2025,uk,True,0.6757,0.177,0.139,0.684,post
Ruslana,Ukraine,Dancing In The Sky,,en,False,0.9241,0.142,0.091,0.767,post
Ruslana,Ukraine,Wild Dances (Harem’s Club Mix),,en,False,0.9269,0.132,0.017,0.851,post
Skofka,Ukraine,Чути гімн (Hear the Anthem),2022,uk,True,0.946,0.106,0.057,0.837,post
Skofka,Ukraine,Батьківщина (Homeland),2022,uk,True,-0.8656,0.078,0.113,0.809,post
Skofka,Ukraine,КРУЗАК (KRUZAK),2021,uk,True,0.9701,0.08,0.029,0.89,pre
Skofka,Ukraine,В дорогу (The Road),2022,uk,True,0.8504,0.072,0.049,0.879,post
Skofka,Ukraine,Береза стара (Old Birch),2021,uk,True,-0.9345,0.074,0.123,0.804,pre
Skofka,Ukraine,Я там (I’m There),2024,uk,True,0.9893,0.116,0.061,0.822,post
Skofka,Ukraine,НЕ БИЙ СОБАКУ! (Don’t hit the dog!),2021,uk,True,0.998,0.256,0.036,0.708,pre
Skofka,Ukraine,Не забудем i не пробачим (We will not forget and we will not forgive),2022,uk,True,-0.995,0.12,0.221,0.659,post
Skofka,Ukraine,Ой на ой (oh oh oh),2022,uk,True,-0.9675,0.08,0.142,0.778,post
Skofka,Ukraine,ЗАГЛОХ (STALLED),2023,uk,True,-0.8863,0.01,0.069,0.921,post
Skofka,Ukraine,По барабану (Po barabanu),2021,uk,True,0.9642,0.085,0.03,0.885,pre
Skofka,Ukraine,Мир на землі (Peace on earth),2023,uk,True,0.9981,0.277,0.016,0.706,post
Khrystyna Soloviy,Ukraine,Тримай (Trimai),2015,uk,True,-0.866,0.145,0.19,0.665,pre
Khrystyna Soloviy,Ukraine,Стежечка (Path),2018,uk,True,0.9957,0.28,0.009,0.711,pre
Khrystyna Soloviy,Ukraine,Fortepiano,2017,uk,True,0.9682,0.186,0.108,0.706,pre
Khrystyna Soloviy,Ukraine,"Хто, як не ти? (Who If Not You?)",2016,uk,True,0.9845,0.133,0.028,0.839,pre
Khrystyna Soloviy,Ukraine,Forest song (Original Soundtrack «Mavka. The Forest Song),2023,en,False,0.9994,0.379,0.0,0.621,post
Khrystyna Soloviy,Ukraine,Несе Галя воду (Halia Is Carrying Water),2024,uk,True,0.9389,0.126,0.041,0.833,post
Khrystyna Soloviy,Ukraine,Галіція (Galicia),2025,uk,True,0.9303,0.186,0.147,0.668,post
Khrystyna Soloviy,Ukraine,Українська лють (Bella Ciao Cover) (Ukrainian rage),2023,uk,True,-0.3612,0.102,0.135,0.762,post
Khrystyna Soloviy,Ukraine,Любий друг (Dear Friend),2018,uk,True,0.9824,0.141,0.029,0.83,pre
Khrystyna Soloviy,Ukraine,Камертон (Tuning Fork),2024,uk,True,0.2243,0.076,0.083,0.84,post
Khrystyna Soloviy,Ukraine,Под облачком (By The Window),2015,uk,True,0.993,0.192,0.072,0.736,pre
Khrystyna Soloviy,Ukraine,Тече вода каламутна (Muddy Water Flows),2015,uk,True,0.8258,0.165,0.129,0.705,pre
Khrystyna Soloviy,Ukraine,Гамерицкий край (American Land),2015,uk,True,-0.9628,0.038,0.173,0.789,pre
Khrystyna Soloviy,Ukraine,Кучерики (Curls),2024,uk,True,0.9551,0.117,0.037,0.845,post
Khrystyna Soloviy,Ukraine,Маланка (Malanka),2023,uk,True,0.7579,0.11,0.053,0.838,post
Khrystyna Soloviy,Ukraine,Синя пісня (Blue Song),2015,uk,True,0.4323,0.105,0.089,0.806,pre
Khrystyna Soloviy,Ukraine,Губи в вині (Lips in the Wine),2021,uk,True,0.9585,0.205,0.141,0.655,pre
Khrystyna Soloviy,Ukraine,Народився Бог на санях (God Was Born On A Sleigh),2023,uk,True,0.9442,0.147,0.02,0.833,post
Khrystyna Soloviy,Ukraine,Краще мовчи (Better keep silent),2021,uk,True,0.991,0.184,0.018,0.798,pre
Khrystyna Soloviy,Ukraine,Чорноморчик (Chornomorchyk),2023,uk,True,0.9669,0.141,0.029,0.83,post
Bulat Okudzhava,Russia,Мы за ценой не постоим (Price is nothing for us),1967,ru,True,-0.9887,0.019,0.144,0.837,pre
Bulat Okudzhava,Russia,"Ваше благородие, госпожа удача (Your Honor, Lady Luck)",1969,ru,True,0.9963,0.389,0.12,0.491,pre
Bulat Okudzhava,Russia,Давайте восклицать (Let’s Exclaim),1984,ru,True,0.8312,0.189,0.149,0.663,pre
Bulat Okudzhava,Russia,Грузинская песня (Georgian song),1967,ru,True,0.9664,0.158,0.049,0.792,pre
Bulat Okudzhava,Russia,"Бери шинель, пошли домой (Take your coat, let’s go home)",1975,ru,True,-0.9836,0.01,0.125,0.865,pre
Bulat Okudzhava,Russia,Молитва Франсуа Вийона (Francois Villon’s prayer),1964,ru,True,0.9413,0.144,0.057,0.799,pre
Bulat Okudzhava,Russia,Старинная солдатская песня (Old soldier song),1973,ru,True,0.9536,0.157,0.099,0.745,pre
Bulat Okudzhava,Russia,Пиратская лирическая (Когда воротимся мы в Портленд) (Pirate Lyrical (When We Return to Portland)),1983,ru,True,0.9247,0.148,0.104,0.749,pre
Bulat Okudzhava,Russia,Песня красноармейца (Song of the red army soldier),1973,ru,True,-0.9034,0.076,0.173,0.751,pre
Bulat Okudzhava,Russia,"Песенка, короткая, как жизнь сама (Song That Short As Life)",1983,ru,True,0.9828,0.196,0.012,0.792,pre
Bulat Okudzhava,Russia,Шла война к тому Берлину (There was a war to that Berlin),1983,ru,True,0.4504,0.12,0.084,0.796,pre
Bulat Okudzhava,Russia,Тьмою здесь всё занавешено...,1980,ru,True,0.8708,0.112,0.029,0.86,pre
Bulat Okudzhava,Russia,Примета (Omen),,ru,True,-0.9689,0.063,0.172,0.764,post
Vladimir Vysotsky,Russia,Песня о друге (Song About Friend),1980,ru,True,0.9494,0.188,0.102,0.71,pre
Vladimir Vysotsky,Russia,Поговори хоть ты со мной (Talk to Me),1994,ru,True,0.9892,0.172,0.028,0.8,pre
Vladimir Vysotsky,Russia,Кони привередливые (Fastidious Horses),,ru,True,-0.4801,0.042,0.045,0.913,post
Vladimir Vysotsky,Russia,Я Не Люблю (I Do Not Like),1969,ru,True,-0.9695,0.108,0.206,0.687,pre
Vladimir Vysotsky,Russia,Баллада о детстве (Ballad of Childhood),,ru,True,0.9752,0.119,0.092,0.789,post
Vladimir Vysotsky,Russia,Охота на волков (Hunting Wolves),1968,ru,True,0.9675,0.145,0.104,0.751,pre
Vladimir Vysotsky,Russia,Вершина (Peak),1966,ru,True,0.9958,0.218,0.127,0.655,pre
Vladimir Vysotsky,Russia,"Товарищ Сталин, вы большой учёный (TSVBU)",1977,ru,True,-0.5749,0.074,0.083,0.843,pre
Vladimir Vysotsky,Russia,Девушка из Нагасаки (Girl From Nagasaki),,ru,True,0.9652,0.146,0.044,0.81,post
Vladimir Vysotsky,Russia,Дом хрустальный (Crystal House),,ru,True,0.9276,0.129,0.052,0.818,post
Vladimir Vysotsky,Russia,Он не вернулся из боя (He Didn’t Return From the Battle),1969,ru,True,-0.9862,0.033,0.164,0.803,pre
Vladimir Vysotsky,Russia,Ноль семь (Zero seven),,ru,True,0.9592,0.15,0.051,0.799,post
Vladimir Vysotsky,Russia,Баллада о борьбе (Ballad About Struggle),1975,ru,True,-0.9909,0.128,0.198,0.674,pre
Vladimir Vysotsky,Russia,Песенка о переселении душ (Song about soul migration).,,ru,True,-0.8863,0.099,0.129,0.771,post
Vladimir Vysotsky,Russia,Лекция о международном положении (LATIS),1979,ru,True,-0.9149,0.103,0.131,0.765,pre
Vladimir Vysotsky,Russia,Утренняя гимнастика (Morning Exercises),1978,ru,True,0.7128,0.118,0.092,0.79,pre
Vladimir Vysotsky,Russia,Солдаты группы «Центр» (Army Group Centre soldiers),1965,ru,True,0.9825,0.155,0.019,0.826,pre
Vladimir Vysotsky,Russia,"Одна научная загадка, или почему аборигены съели Кука. (One scientific mystery or why did the aborigines eat Cook.)",,ru,True,0.8943,0.121,0.089,0.789,post
Vladimir Vysotsky,Russia,Парус (Sail),1967,ru,True,-0.8257,0.024,0.105,0.871,pre
Vladimir Vysotsky,Russia,Кривая да Нелёгкая (Curve and Not-easy),1976,ru,True,-0.9919,0.097,0.153,0.75,pre
Zemfira,Russia,Dokazano (Доказано),,ru,True,0.4304,0.077,0.069,0.854,post
Oxxxymiron,Russia,Город под подошвой (City Under the Sole),2015,ru,True,-0.8241,0.077,0.087,0.836,pre
Oxxxymiron,Russia,«Где нас нет» (”On the Other Side”),2015,ru,True,0.9521,0.106,0.084,0.81,pre
Oxxxymiron,Russia,THE STORY OF ALISHER,2022,ru,True,-0.9974,0.097,0.183,0.72,post
Oxxxymiron,Russia,КТО УБИЛ МАРКА? (WHO KILLED MARK?),2021,ru,True,-0.9957,0.068,0.142,0.79,pre
Oxxxymiron,Russia,Переплетено (Interlaced),2015,ru,True,-0.9971,0.048,0.142,0.81,pre
Oxxxymiron,Russia,До зимы (Until Winter),2013,ru,True,-0.933,0.139,0.153,0.707,pre
Oxxxymiron,Russia,Хоп-механика (Hop Mechanics),2021,ru,True,-0.993,0.09,0.163,0.747,pre
Oxxxymiron,Russia,ОЙДА (OIDA),2022,ru,True,-0.7361,0.086,0.105,0.808,post
Oxxxymiron,Russia,В книге всё было по-другому (4 раунд 17ib) (The Book Had It Different),2020,ru,True,0.9923,0.145,0.092,0.764,pre
Oxxxymiron,Russia,Красота и Уродство (Beauty & Ugliness),2021,ru,True,-0.9926,0.149,0.23,0.62,pre
Oxxxymiron,Russia,Неваляшка (Tumbler Toy),2012,ru,True,0.6382,0.101,0.097,0.802,pre
Oxxxymiron,Russia,Тентакли (Tentacles),2011,ru,True,-0.9859,0.066,0.107,0.826,pre
Oxxxymiron,Russia,Башня из слоновой кости (Ivory Tower),2015,ru,True,-0.989,0.115,0.157,0.728,pre
Oxxxymiron,Russia,ОРГАНИЗАЦИЯ (ORGANIZATION),2021,ru,True,-0.9761,0.04,0.097,0.862,pre
Oxxxymiron,Russia,Нон-фикшн (Non-Fiction),2021,ru,True,-0.9918,0.091,0.141,0.768,pre
Oxxxymiron,Russia,Грязь (Dirt),2021,ru,True,0.9935,0.172,0.106,0.722,pre
Oxxxymiron,Russia,Песенка Гремлина (Gremlin’s Song),2012,ru,True,-0.9691,0.115,0.135,0.75,pre
Oxxxymiron,Russia,Восточный Мордор (East Mordor),2011,ru,True,0.936,0.109,0.081,0.81,pre
Oxxxymiron,Russia,Агент (Agent),2021,ru,True,0.9482,0.103,0.078,0.82,pre
Oxxxymiron,Russia,Девочка Пиздец (Fucked Up Girl),2015,ru,True,0.9984,0.255,0.1,0.645,pre
Noize MC,Russia,Вселенная бесконечна? (Is the Universe Infinite?),2012,ru,True,-0.9921,0.095,0.171,0.734,pre
Noize MC,Russia,Всё как у людей (Everything is Like People’s),2019,ru,True,0.9673,0.107,0.063,0.83,pre
Noize MC,Russia,Выдыхай (Exhale),2009,ru,True,0.9841,0.123,0.062,0.814,pre
Noize MC,Russia,Моё море (My Sea),2009,ru,True,-0.8553,0.108,0.123,0.769,pre
Noize MC,Russia,Иордан (Jordan),2015,ru,True,0.9595,0.122,0.081,0.797,pre
Noize MC,Russia,Грабли (Rake),2016,ru,True,0.883,0.104,0.077,0.819,pre
Noize MC,Russia,Чайлдфри (Childfree),2016,ru,True,-0.9978,0.055,0.166,0.779,pre
Noize MC,Russia,В темноте (In Darkness),2018,ru,True,0.9323,0.09,0.081,0.829,pre
Noize MC,Russia,Вояджер-1 (Voyager 1),2020,ru,True,0.976,0.108,0.057,0.836,pre
Noize MC,Russia,Из окна (From the window),2010,ru,True,0.987,0.119,0.062,0.819,pre
Noize MC,Russia,Светлая полоса (Light Stripe),2024,ru,True,-0.6772,0.13,0.127,0.744,post
Noize MC,Russia,Yes Future!,2012,ru,True,0.8447,0.151,0.128,0.721,pre
Noize MC,Russia,Любимый цвет (Favourite color),2016,ru,True,0.9976,0.211,0.059,0.729,pre
Noize MC,Russia,"Детка, послушай (Babe, Listen)",2018,ru,True,0.9649,0.138,0.11,0.753,pre
Noize MC,Russia,На Марсе классно (It’s Cool on Mars),2010,ru,True,0.7195,0.168,0.159,0.673,pre
Noize MC,Russia,В темноте (Brodsky Version) (In Darkness),2018,ru,True,0.9944,0.144,0.08,0.777,pre
Noize MC,Russia,Ты не считаешь (You Don’t Count),2010,ru,True,-0.9948,0.114,0.17,0.716,pre
Noize MC,Russia,Страна дождей (Country Of Rain),2022,ru,True,-0.9834,0.08,0.133,0.786,post
Noize MC,Russia,Устрой дестрой (Make Destroy),2010,ru,True,-0.999,0.086,0.27,0.643,pre
Noize MC,Russia,Жвачка (Chewing Gum),2013,ru,True,-0.9915,0.077,0.179,0.744,pre
Pussy Riot,Russia,Punk Prayer (English Translation),,en,False,-0.9298,0.173,0.247,0.58,post
Pussy Riot,Russia,Make America Great Again,2016,en,False,-0.9111,0.143,0.176,0.681,pre
Pussy Riot,Russia,Bad Girls,,en,False,-0.9956,0.156,0.226,0.617,post
Pussy Riot,Russia,Straight Outta Vagina,2016,en,False,0.9736,0.131,0.098,0.771,pre
Pussy Riot,Russia,HATEFUCK,2022,en,False,-0.9985,0.037,0.228,0.735,post
Pussy Riot,Russia,Police State,2017,en,False,0.9991,0.365,0.095,0.54,pre
Pussy Riot,Russia,SEXIST,2021,ru,True,-0.9982,0.115,0.266,0.619,pre
Pussy Riot,Russia,1312,2020,en,False,-0.9969,0.105,0.227,0.667,pre
Pussy Riot,Russia,CHAIKA (Чайка),2016,ru,True,0.9984,0.216,0.075,0.709,pre
Pussy Riot,Russia,Organs (органы),2016,ru,True,-0.9888,0.017,0.191,0.793,pre
Pussy Riot,Russia,I Can’t Breathe,,en,False,-0.9636,0.096,0.161,0.743,post
Pussy Riot,Russia,PANIC ATTACK,2021,en,False,-0.9965,0.087,0.262,0.651,pre
Pussy Riot,Russia,Bad Apples,2018,en,False,-0.9945,0.089,0.208,0.703,pre
Pussy Riot,Russia,RAGE,2021,ru,True,-0.9997,0.103,0.438,0.459,pre
Pussy Riot,Russia,1937,2019,ru,True,-0.7024,0.173,0.196,0.631,pre
Pussy Riot,Russia,RIOT,2020,en,False,-0.9977,0.12,0.348,0.532,pre
Pussy Riot,Russia,ЧЁРНЫЕ СНЕЖКИ (BLACK SNOW),2019,ru,True,-0.9933,0.045,0.125,0.83,pre
Pussy Riot,Russia,Путин научит тебя любить Родину (Putin will teach you how to love Motherland),2014,ru,True,0.9932,0.206,0.074,0.72,pre
Pussy Riot,Russia,Track About Good Cop,2018,ru,True,0.9852,0.139,0.044,0.817,pre
Pussy Riot,Russia,TOXIC,2021,en,False,-0.9839,0.188,0.25,0.562,pre
DDT,Russia,Hey Steve,,en,False,-0.8305,0.106,0.149,0.745,post
DDT,Russia,Walkabout,,en,False,-0.919,0.125,0.146,0.729,post
DDT,Russia,McDDT,,en,False,-0.9957,0.063,0.167,0.77,post
DDT,Russia,Blue Hair Crime,,en,False,-0.9997,0.006,0.584,0.41,post
DDT,Russia,Can’t Take My Eyes Off You,,en,False,0.7149,0.091,0.082,0.826,post
DDT,Russia,Pistol Whip,,en,False,-0.9783,0.079,0.237,0.684,post
DDT,Russia,Lie Detector,,en,False,0.8437,0.091,0.074,0.836,post
DDT,Russia,Unsaid,,en,False,-0.1779,0.067,0.06,0.873,post
DDT,Russia,Chlorine,,en,False,-0.9711,0.054,0.165,0.781,post
DDT,Russia,Styrofoam,,en,False,-0.9889,0.101,0.228,0.671,post
DDT,Russia,Overripe,,en,False,-0.6969,0.045,0.091,0.864,post
DDT,Russia,Liquid,,en,False,-0.6167,0.112,0.148,0.74,post
DDT,Russia,Boring,,en,False,-0.9709,0.045,0.235,0.72,post
Yuri Shevchuk,Russia,Дрон (Drone),2023,ru,True,0.9908,0.163,0.097,0.74,post
Yuri Shevchuk,Russia,Волки в тире (Wolves in the Range),2023,ru,True,-0.2586,0.13,0.136,0.734,post
Yuri Shevchuk,Russia,"Родина, вернись домой (Motherland, Come Home)",2023,ru,True,-0.9399,0.091,0.127,0.782,post
Yuri Shevchuk,Russia,Капитан Колесников (Captain Kolesnikov),2007,ru,True,-0.9022,0.056,0.134,0.81,pre
Yuri Shevchuk,Russia,Чайковский (Tchaikovsky),2023,ru,True,0.8291,0.199,0.182,0.619,post
Yuri Shevchuk,Russia,Я завтра брошу пить (I’ll quit drinking tomorrow),1982,ru,True,0.8977,0.091,0.054,0.855,pre
Yuri Shevchuk,Russia,Новая жизнь (New Life),,ru,True,0.8055,0.102,0.065,0.834,post
Yuri Shevchuk,Russia,Похороны войны (Funeral of the War),2023,ru,True,-0.8963,0.174,0.206,0.62,post
Yuri Shevchuk,Russia,Пчела (Bee),2023,ru,True,-0.9429,0.015,0.12,0.865,post
Yuri Shevchuk,Russia,Танцы (Dance),2023,ru,True,-0.7881,0.136,0.148,0.716,post
Yuri Shevchuk,Russia,Надежда (Hope),2023,ru,True,-0.4337,0.097,0.107,0.796,post
Yuri Shevchuk,Russia,Доктор Лиза (Doctor Liza),2020,ru,True,0.9371,0.132,0.053,0.816,pre
Yuri Shevchuk,Russia,Антонина (песня из к/ф «Антонина обернулась») [A (sftf ”Ata”)],2007,ru,True,-0.7749,0.083,0.099,0.817,pre
Yuri Shevchuk,Russia,Потоп (Flood),2023,ru,True,0.9601,0.096,0.044,0.86,post
Yuri Shevchuk,Russia,Прекрасная любовь (Beautiful Love),,ru,True,0.9925,0.32,0.137,0.544,post
Yuri Shevchuk,Russia,Галя Ходи (Galya Go),1982,ru,True,0.9373,0.124,0.054,0.822,pre
Yuri Shevchuk,Russia,Прогулки по воде (Walk on the water),1993,ru,True,-0.959,0.028,0.11,0.862,pre
Yuri Shevchuk,Russia,Новогодняя (New Year Song),1982,ru,True,0.9629,0.113,0.026,0.861,pre
Yuri Shevchuk,Russia,"Расстреляли рассветами (Live, 2022) (Shot by dawns)",2000,ru,True,0.9013,0.161,0.125,0.714,pre
Yuri Shevchuk,Russia,Париж (Paris),2025,ru,True,0.5695,0.088,0.07,0.842,post
David Broza,Israel,Mitachat Lashamayim - מתחת לשמיים,1991,he,True,0.9852,0.22,0.016,0.764,pre
David Broza,Israel,Yihiye Tov - יהיה טוב,1980,he,True,0.9962,0.207,0.046,0.747,pre
David Broza,Israel,Betsohorey Hayom - בצהרי היום,1991,he,True,0.9954,0.139,0.031,0.83,pre
David Broza,Israel,Sigaliot - סיגליות,1983,he,True,0.9366,0.123,0.082,0.795,pre
David Broza,Israel,Ha’isha She’iti - האישה שאיתי,1983,he,True,0.9819,0.16,0.055,0.784,pre
David Broza,Israel,Belibech - בלבך,1983,he,True,0.8555,0.153,0.071,0.776,pre
David Broza,Israel,Shir Ahava Bedui - שיר אהבה בדואי,1980,he,True,0.9488,0.115,0.052,0.833,pre
David Broza,Israel,Ramito de Violetas,2023,es,True,0.9865,0.151,0.062,0.787,post
David Broza,Israel,Noladet Bishvili - נולדת בשבילי,1983,he,True,-0.0046,0.133,0.147,0.72,pre
David Broza,Israel,Raquel,2000,es,True,0.7906,0.089,0.029,0.882,pre
David Broza,Israel,Elohim Letzidenu - אלוהים לצידנו,1982,he,True,-0.3182,0.098,0.1,0.801,pre
David Broza,Israel,Untitled,2010,en,False,0.9595,0.171,0.0,0.829,pre
David Broza,Israel,Night Dawn (Silver Dollar),2010,en,False,0.5994,0.171,0.186,0.642,pre
David Broza,Israel,Al Tishali Eem Ani Ohev - אל תשאלי אם אני אוהב,,he,True,0.8435,0.13,0.093,0.777,post
David Broza,Israel,La Mujer Que Yo Quiero,2023,es,True,0.9912,0.26,0.112,0.629,post
David Broza,Israel,Dentro de Tu Alma,2023,es,True,0.8439,0.159,0.09,0.751,post
David Broza,Israel,Srochim - שרוכים,1982,he,True,0.862,0.123,0.064,0.813,pre
David Broza,Israel,Daniela - דניאלה,1982,he,True,-0.808,0.032,0.075,0.893,pre
David Broza,Israel,Susim Yafim - סוסים יפים,2021,he,True,0.8059,0.102,0.027,0.871,pre
David Broza,Israel,Señorita - סניוריטה,1980,he,True,0.926,0.078,0.043,0.879,pre
Yehuda Poliker,Israel,Halon Layam Hatichon - חלון לים התיכון,1988,he,True,0.7845,0.105,0.069,0.826,pre
Yehuda Poliker,Israel,Perach - פרח,1990,he,True,-0.9493,0.11,0.207,0.682,pre
Yehuda Poliker,Israel,Dvarim She’ratziti Lomar - דברים שרציתי לומר,1990,he,True,0.9803,0.179,0.1,0.722,pre
Yehuda Poliker,Israel,Panim Mul Panim - פנים אל מול פנים,1997,he,True,0.9878,0.228,0.0,0.772,pre
Yehuda Poliker,Israel,Kashe Biladayich - קשה בלעדייך,2024,he,True,0.9801,0.207,0.074,0.719,post
Yehuda Poliker,Israel,Boker Yom Rishon - בוקר יום ראשון,1985,he,True,-0.6862,0.065,0.122,0.813,pre
Yehuda Poliker,Israel,Efer Ve’avak - אפר ואבק,1988,he,True,-0.7383,0.037,0.079,0.885,pre
Yehuda Poliker,Israel,Romeo - רומיאו,2003,he,True,0.9952,0.236,0.067,0.697,pre
Yehuda Poliker,Israel,Hatzel Ve’ani - הצל ואני,1990,he,True,-0.7059,0.048,0.086,0.866,pre
Yehuda Poliker,Israel,Katzar Poh Kol Kach Haviv - קצר פה כל כך האביב,2011,he,True,0.8422,0.119,0.09,0.791,pre
Yehuda Poliker,Israel,Kshetigdal - כשתגדל,1988,he,True,-0.8536,0.006,0.062,0.932,pre
Yehuda Poliker,Israel,Einaim Sheli - עיניים שלי,1985,he,True,0.6444,0.066,0.021,0.913,pre
Yehuda Poliker,Israel,Pahot Aval Ko’ev - פחות אבל כואב,1990,he,True,-0.9983,0.024,0.348,0.628,pre
Yehuda Poliker,Israel,Yoram - יורם,1990,he,True,0.9179,0.143,0.07,0.786,pre
Yehuda Poliker,Israel,Hatchala Chadasha - התחלה חדשה,,he,True,0.8625,0.125,0.115,0.761,post
Yehuda Poliker,Israel,Meuchar Ulay Mukdam - מאוחר אולי מוקדם,1998,he,False,0.0,0.0,0.0,1.0,pre
Yehuda Poliker,Israel,Cain - קין,1995,he,True,0.7484,0.205,0.176,0.619,pre
Yehuda Poliker,Israel,Ech Korim La’ahava Sheli - איך קוראים לאהבה שלי,2001,he,True,0.9914,0.203,0.089,0.708,pre
Yehuda Poliker,Israel,Zinguala - זינגואלה,1992,he,True,0.9451,0.155,0.026,0.819,pre
Subliminal,Israel,Torro - טורו,2006,he,True,0.9748,0.109,0.069,0.822,pre
Subliminal,Israel,Ba’a Li Tov - באה לי טוב,2012,he,True,0.9968,0.199,0.032,0.769,pre
Subliminal,Israel,Chalom Shel Kol Gever - חלום של כל גבר,2015,he,True,0.9982,0.197,0.017,0.786,pre
Subliminal,Israel,Peace In The Middle East,2011,en,False,-0.9981,0.055,0.18,0.765,pre
Subliminal,Israel,Bat 60 - בת 60,2011,he,True,0.9965,0.117,0.018,0.865,pre
Subliminal,Israel,Ha’adrichalim - האדריכלים,2001,he,True,0.9861,0.135,0.093,0.772,pre
Subliminal,Israel,Hai Meyom Leyom - חי מיום ליום,2001,he,True,-0.8636,0.124,0.138,0.738,pre
Subliminal,Israel,TACT Allstars - תאקט אולסטארז,2004,he,True,-0.0671,0.087,0.097,0.816,pre
Subliminal,Israel,Prachim Baka’ne - פרחים בקנה,2012,he,True,0.9829,0.113,0.06,0.827,pre
Subliminal,Israel,Tizaher Mimena - תיזהר ממנה,2012,he,True,0.9974,0.222,0.017,0.761,pre
Subliminal,Israel,Yoter Meze Anachnu Lo Tzrichim - יותר מזה אנחנו לא צריכים,2014,he,True,-0.9246,0.07,0.093,0.837,pre
Subliminal,Israel,I like It - איי לייק איט (משאולין לתל אביב),2004,he,True,-0.9932,0.107,0.161,0.731,pre
Subliminal,Israel,Yesh Lanu Ahava - יש לנו אהבה,2012,he,True,0.9986,0.291,0.003,0.706,pre
Subliminal,Israel,Mami - מאמי,2012,he,True,0.9961,0.14,0.032,0.828,pre
Subliminal,Israel,Beit Hasefer Hayashan - בית הספר הישן,2001,he,True,0.8845,0.142,0.127,0.731,pre
Subliminal,Israel,Klasit Ve’parsi - קלאסית ופרסי,2006,en,False,0.9772,0.068,0.013,0.919,pre
Subliminal,Israel,Banu Hoshech Legaresh - באנו חושך לגרש,2001,he,True,-0.6792,0.084,0.252,0.664,pre
Subliminal,Israel,Florentine - פלורנטין,2017,he,True,0.9949,0.113,0.054,0.832,pre
Subliminal,Israel,Tamid Kadima - תמיד קדימה,2020,he,True,0.695,0.079,0.061,0.861,pre
Subliminal,Israel,Me T.A Le L.A - מת”א לל”א,2001,he,True,-0.9358,0.108,0.117,0.775,pre
Noa,Israel,Плоский круг (Flat Circle),2016,ru,True,0.3318,0.086,0.081,0.832,pre
Noa,Israel,Будем (Will Be),2017,ru,True,0.9679,0.292,0.183,0.525,pre
Noa,Israel,Вся моя (All Mine),2017,ru,True,0.3881,0.094,0.097,0.809,pre
Noa,Israel,Mikasa,2017,ru,True,-0.9953,0.096,0.179,0.725,pre
Noa,Israel,Старые друзья (Old Friends),2018,ru,True,0.9933,0.228,0.06,0.712,pre
Noa,Israel,стрелы в сердце (arrows in the heart),2019,ru,True,0.8338,0.105,0.118,0.776,pre
Noa,Israel,Как есть (As It Is),2017,ru,True,0.9275,0.151,0.091,0.758,pre
Noa,Israel,ты выбрал это сам (you chose this yourself),2019,ru,True,-0.9912,0.111,0.195,0.693,pre
Noa,Israel,Вдвоём (Together),2016,ru,True,-0.9729,0.055,0.16,0.785,pre
Noa,Israel,Hurt,2016,ru,True,-0.9951,0.141,0.306,0.553,pre
Noa,Israel,Дома (At Home),2016,ru,True,-0.3922,0.079,0.058,0.863,pre
Noa,Israel,Вопрос ответ (Question Answer),2016,ru,True,-0.7476,0.031,0.081,0.888,pre
Noa,Israel,Не важно (Never Mind),2018,ru,True,-0.9968,0.086,0.227,0.687,pre
Noa,Israel,Амулет (Amulet),2017,ru,True,0.9335,0.164,0.032,0.804,pre
Noa,Israel,Тоска (Melancholy),2018,ru,True,-0.9943,0.003,0.158,0.839,pre
Noa,Israel,Шаг вверх (Step Up),2017,ru,True,0.9683,0.136,0.093,0.772,pre
Noa,Israel,Сквозь стекло (Through Glass),2016,ru,True,0.9978,0.3,0.037,0.663,pre
Noa,Israel,Ain’t Loyal,2018,ru,True,-0.7574,0.116,0.127,0.758,pre
Noa,Israel,Титаник (Titanic),2017,ru,True,-0.963,0.009,0.1,0.891,pre
Noa,Israel,Инсомния (Insomnia),2016,ru,True,-0.9839,0.039,0.114,0.847,pre
Aviv Geffen,Israel,Or Hayare’ach - אור הירח,1992,he,True,0.0516,0.07,0.064,0.866,pre
Aviv Geffen,Israel,Onot - עונות,1996,he,True,0.9871,0.189,0.083,0.728,pre
Aviv Geffen,Israel,Achshav Meunan - עכשיו מעונן,1993,he,True,-0.8625,0.031,0.092,0.877,pre
Aviv Geffen,Israel,Machar - מחר,2006,he,True,0.9424,0.159,0.057,0.784,pre
Aviv Geffen,Israel,Ulay - אולי,1993,he,True,0.9808,0.27,0.029,0.701,pre
Aviv Geffen,Israel,Livkot Lecha - לבכות לך,1996,he,True,-0.492,0.093,0.102,0.805,pre
Aviv Geffen,Israel,Milliard To’eem - מיליארד טועים,1992,he,True,0.9693,0.18,0.083,0.737,pre
Aviv Geffen,Israel,Shir Hasmartutim - שיר הסמרטוטים,1993,he,True,-0.0649,0.17,0.165,0.665,pre
Aviv Geffen,Israel,Hashir Shelanu - השיר שלנו,1999,he,True,-0.5297,0.126,0.154,0.72,pre
Aviv Geffen,Israel,Mal’ach - מלאך,1995,he,True,0.7449,0.124,0.077,0.799,pre
Aviv Geffen,Israel,Hamichtav - המכתב,1996,he,True,-0.9668,0.067,0.172,0.761,pre
Aviv Geffen,Israel,Ani Soneh - אני שונא,1993,he,True,-0.9916,0.15,0.309,0.541,pre
Aviv Geffen,Israel,Yoman Masa - יומן מסע,2000,he,True,0.9413,0.147,0.056,0.797,pre
Aviv Geffen,Israel,Ze Rak Halev Shekoev Lach - זה רק הלב שכואב לך,2006,he,True,0.9946,0.301,0.121,0.578,pre
Aviv Geffen,Israel,Ha’im Lihiyot Bach Meohav - האם להיות בך מאוהב,1994,he,True,0.9282,0.212,0.129,0.659,pre
Aviv Geffen,Israel,Al Tidag - אל תדאג,1993,he,True,0.8517,0.183,0.09,0.727,pre
Aviv Geffen,Israel,Sof Ha’olam - סוף העולם,1997,he,True,-0.0165,0.111,0.128,0.761,pre
Aviv Geffen,Israel,Ilana - אילנה,1993,he,True,0.9638,0.227,0.058,0.715,pre
Aviv Geffen,Israel,Shir Tikva - שיר תקווה,1997,he,True,0.9652,0.272,0.0,0.728,pre
Aviv Geffen,Israel,Emesh - אמש,1992,he,True,0.8481,0.098,0.045,0.857,pre
Idan Raichel,Israel,Achshav Nish’arnu Shney’nu - עכשיו נשארנו שנינו,2019,he,True,0.887,0.088,0.019,0.893,pre
Idan Raichel,Israel,Ve’eem Tavo’ee Elay - ואם תבואי אליי,2018,he,True,0.9815,0.112,0.013,0.875,pre
Idan Raichel,Israel,Eem Rak Taskimi - אם רק תסכימי,2019,he,True,0.9922,0.214,0.009,0.777,pre
Idan Raichel,Israel,Ahava Ka’zo  - אהבה כזו,2017,he,True,0.9962,0.21,0.098,0.692,pre
Idan Raichel,Israel,Lifnei She’yigamer - לפני שייגמר,2015,he,True,0.9959,0.163,0.054,0.783,pre
Idan Raichel,Israel,Lama Ze Magi’a Lanu - למה זה מגיע לנו,2018,he,True,0.886,0.091,0.06,0.849,pre
Idan Raichel,Israel,La Eternidad Que Se Perdió,2019,es,True,-0.9382,0.094,0.149,0.757,pre
Idan Raichel,Israel,Katoov Mi’lema’ala - כתוב מלמעלה,2019,he,True,-0.8305,0.069,0.093,0.837,pre
Idan Raichel,Israel,Lama Kacha Atzuva - למה ככה עצובה,2020,he,True,0.9808,0.149,0.048,0.802,pre
Idan Raichel,Israel,Lumiére,2019,fr,True,-0.6124,0.064,0.099,0.837,pre
Idan Raichel,Israel,Kotzim - קוצים,2010,he,True,0.2182,0.04,0.02,0.939,pre
Idan Raichel,Israel,Galgal Mistovev - גלגל מסתובב,2017,he,True,0.6442,0.074,0.049,0.877,pre
Idan Raichel,Israel,Beresheet - בראשית,2018,he,True,0.9709,0.128,0.042,0.83,pre
Idan Raichel,Israel,Even Al Even (Rega Shel Osher) -  אבן על אבן (רגע של אושר),2021,he,True,0.9558,0.136,0.08,0.784,pre
Idan Raichel,Israel,Ma’agalim - מעגלים,2015,he,True,0.802,0.088,0.022,0.89,pre
Idan Raichel,Israel,Mikol Ha’kochavim Ba’layla - מכל הכוכבים בלילה,2020,he,True,0.9686,0.114,0.048,0.838,pre
Idan Raichel,Israel,Ga’agua - געגוע,2015,he,True,0.9217,0.131,0.102,0.767,pre
Idan Raichel,Israel,Feker Libi (Corona Quarantine),2020,en,False,0.9953,0.222,0.029,0.749,pre
Idan Raichel,Israel,Kacha Miyom Leyom - ככה מיום ליום,2021,he,True,0.9838,0.134,0.045,0.821,pre
Idan Raichel,Israel,Lechakot - לחכות,2015,he,False,0.0,0.0,0.0,1.0,pre
Yasmin Levy,Israel,Una Noche Mas,,es,True,0.8022,0.122,0.095,0.782,post
Yasmin Levy,Israel,Adio Kerida,2007,pt,True,-0.0966,0.177,0.216,0.608,pre
Yasmin Levy,Israel,La Alegría,,es,True,-0.7625,0.147,0.185,0.667,post
Yasmin Levy,Israel,Me Voy,,es,True,0.6186,0.157,0.065,0.778,post
Yasmin Levy,Israel,Nací En Álamo (Vengo),,es,True,0.2263,0.156,0.176,0.668,post
Yasmin Levy,Israel,Mi korason,2009,es,True,0.975,0.285,0.083,0.631,pre
Yasmin Levy,Israel,La Rosa Enflorece,2012,es,True,0.0772,0.235,0.233,0.532,pre
Yasmin Levy,Israel,Olvidate de Mi,2012,pt,True,0.7745,0.233,0.252,0.515,pre
Yasmin Levy,Israel,El amor contigo,2009,es,True,0.9731,0.203,0.142,0.655,pre
Yasmin Levy,Israel,Hallelujah,2009,es,True,0.9989,0.521,0.125,0.354,pre
Yasmin Levy,Israel,Firuze,,es,True,-0.7338,0.173,0.217,0.61,post
Yasmin Levy,Israel,Porque,2009,es,True,0.1335,0.117,0.113,0.77,pre
Yasmin Levy,Israel,Odecha,2007,id,True,0.0,0.0,0.0,1.0,pre
Yasmin Levy,Israel,La Serena,,es,True,-0.25,0.099,0.139,0.762,post
Yasmin Levy,Israel,Recuerdo (Soghati),,es,True,-0.8225,0.093,0.174,0.733,post
Yasmin Levy,Israel,Locura,,es,True,-0.8658,0.051,0.209,0.74,post
Yasmin Levy,Israel,Yo En La Prizion,,es,True,0.267,0.186,0.169,0.645,post
Yasmin Levy,Israel,Irme Kero,2007,es,True,-0.5267,0.0,0.048,0.952,pre
Yasmin Levy,Israel,De Edad De Kinze Anyos,,es,True,0.9201,0.233,0.048,0.719,post
Yasmin Levy,Israel,Si veriash,,es,True,0.4404,0.053,0.0,0.947,post
Arik Einstein,Israel,Atur Mitzchech - עטור מצחך,1977,he,True,-0.7742,0.057,0.087,0.855,pre
Arik Einstein,Israel,Adon Shoko - אדון שוקו,1989,he,True,0.9715,0.106,0.019,0.875,pre
Arik Einstein,Israel,Ani Ve’ata - אני ואתה,1970,he,True,-0.707,0.0,0.094,0.906,pre
Arik Einstein,Israel,Shabat Baboker - שבת בבוקר,1989,he,True,0.9708,0.081,0.0,0.919,pre
Arik Einstein,Israel,Uf Gozal - עוף גוזל,1987,he,True,0.6336,0.142,0.099,0.759,pre
Arik Einstein,Israel,Sa Le’at - סע לאט,1974,he,True,-0.765,0.042,0.062,0.896,pre
Arik Einstein,Israel,Ma Ata Ose’ Kshe’ata Kam Baboker - מה אתה עושה כשאתה קם בבוקר,1970,he,True,-0.8753,0.052,0.077,0.871,pre
Arik Einstein,Israel,Agadat Deshe - אגדת דשא,1974,he,True,0.9635,0.088,0.042,0.87,pre
Arik Einstein,Israel,Halayla Ha’zeh - הלילה הזה,1966,he,True,-0.3612,0.0,0.021,0.979,pre
Arik Einstein,Israel,Maya - מאיה,1970,he,True,0.6921,0.111,0.074,0.815,pre
Arik Einstein,Israel,Kama Tov Shebata Habayta - כמה טוב שבאת הביתה,1972,he,True,0.9987,0.363,0.0,0.637,pre
Arik Einstein,Israel,San Francisco Al Hamayim - סן פרנסיסקו על המים,1980,he,True,0.9913,0.16,0.023,0.817,pre
Arik Einstein,Israel,Ze Lo Bediuk Ga’agua - זה לא בדיוק געגוע -,2004,he,True,0.8935,0.103,0.036,0.861,pre
Arik Einstein,Israel,Kshe’at Bocha At Lo Yafa - כשאת בוכה את לא יפה,1969,he,True,-0.9959,0.019,0.289,0.692,pre
Arik Einstein,Israel,Shekshenavo - שכשנבוא,1986,he,True,0.9966,0.206,0.0,0.794,pre
Arik Einstein,Israel,Tozeret Ha’aretz - תוצרת הארץ,1985,he,True,0.984,0.142,0.086,0.772,pre
Arik Einstein,Israel,Kol Ehad Rotze - כל אחד רוצה,1999,he,True,0.7423,0.078,0.064,0.858,pre
Arik Einstein,Israel,Amru Lo - אמרו לו,1993,he,True,-0.9761,0.045,0.148,0.807,pre
Arik Einstein,Israel,Od Nipagesh - עוד נפגש,1984,he,True,0.9761,0.179,0.068,0.754,pre
Arik Einstein,Israel,Ohev Lihiyot Babayit - אוהב להיות בבית,1986,he,True,0.9981,0.215,0.0,0.785,pre
Omar Souleyman,Syria,Warni Warni,,en,False,0.9975,0.291,0.029,0.68,post
Omar Souleyman,Syria,Wenu Wenu,2013,en,False,0.9966,0.299,0.106,0.595,post
Omar Souleyman,Syria,Mawal Jamar,,en,False,0.977,0.197,0.095,0.708,post
Omar Souleyman,Syria,شو تريدين (Shi Tridin),2019,so,True,0.8608,0.143,0.067,0.789,post
Omar Souleyman,Syria,شلون (Shlon),2019,en,False,-0.25,0.0,0.019,0.981,post
Omar Souleyman,Syria,Layle (Boys Noize Remix),2020,ar,True,0.9925,0.158,0.045,0.798,post
Omar Souleyman,Syria,Chobi,2017,ar,True,0.0,0.0,0.0,1.0,post
Omar Souleyman,Syria,ابو زيليف (Abou Zilif),2019,so,True,0.7783,0.101,0.032,0.867,post
Omar Souleyman,Syria,عطيني حُبّة (3tini 7obba),2019,id,True,0.9799,0.132,0.0,0.868,post
Omar Souleyman,Syria,Mawal Menzal,2015,it,False,0.0,0.0,0.0,1.0,post
Omar Souleyman,Syria,ليلي (Layle),2019,ar,True,0.9925,0.158,0.045,0.798,post
Lena Chamamyan,Syria,Lama Bada Yatathana - لما بدا يتثنى,2006,ar,True,0.9983,0.353,0.046,0.601,pre
Lena Chamamyan,Syria,Bali Ma’ak - بالي معاك,2006,ar,True,0.9598,0.2,0.141,0.659,pre
Lena Chamamyan,Syria,Ya Msafera - يا مسافرة,2007,ar,True,0.9983,0.265,0.019,0.716,pre
Lena Chamamyan,Syria,Hal Asmar El-Lon - هالأسمر اللون,2006,ar,True,0.9764,0.273,0.126,0.6,pre
Lena Chamamyan,Syria,Hane’sh W Nshoof - هنعيش ونشوف,2020,ar,True,0.0,0.0,0.0,1.0,post
Lena Chamamyan,Syria,Kotshina - كوتشينة,2024,ar,True,0.0,0.0,0.0,1.0,post
Fairuz,Syria,Diva,2019,de,True,0.9963,0.149,0.037,0.814,post
Fairuz,Syria,Nasib,2019,de,True,-0.9912,0.022,0.147,0.83,post
Fairuz,Syria,Verpasst,2021,de,True,0.9715,0.274,0.219,0.506,post
Fairuz,Syria,Endorphine,2021,de,True,-0.9862,0.102,0.206,0.692,post
Fairuz,Syria,Liebe nur geliehen,2021,de,True,0.996,0.204,0.093,0.703,post
Fairuz,Syria,Beyoncé & Jay-Z,2021,de,True,0.9986,0.233,0.047,0.721,post
Fairuz,Syria,1 In A Million,2021,de,True,0.8662,0.089,0.044,0.867,post
Fairuz,Syria,Ca Va,2021,de,True,0.9954,0.277,0.031,0.692,post
Farid al-Atrash,Syria,Hebena Hebena - حبينا حبينا,1975,id,True,0.9075,0.08,0.033,0.886,pre
Farid al-Atrash,Syria,Albi W Moftaho - قلبي ومفتاحه,1962,ar,True,0.9979,0.289,0.061,0.65,pre
Farid al-Atrash,Syria,Ala Baly - على بالي,1970,ar,True,0.9921,0.323,0.024,0.653,pre
George Wassouf,Syria,Helaf El Amar - حلف القمر,1984,ar,True,0.9976,0.192,0.022,0.786,pre
George Wassouf,Syria,Kalam Ennas - كلام الناس,1994,ar,True,0.9962,0.207,0.102,0.69,pre
George Wassouf,Syria,Khesert Koul El Nass - خسرت كل الناس,2006,ar,True,0.0,0.0,0.0,1.0,pre
George Wassouf,Syria,Kedah Kifayah - كده كفاية,2000,ar,True,0.0,0.0,0.0,1.0,pre
George Wassouf,Syria,Tabeeb Garah - طبيب جراح,1999,ar,True,0.0,0.0,0.0,1.0,pre
George Wassouf,Syria,Sayad Al Touyour - صياد الطيور,1993,ar,True,-0.995,0.07,0.155,0.776,pre
George Wassouf,Syria,Salaf W Dayn - سلف ودين,2003,ar,True,0.9954,0.205,0.148,0.648,pre
George Wassouf,Syria,Laiel El Ashekin - ليل العاشقين,1995,ar,True,0.9886,0.269,0.152,0.579,pre
George Wassouf,Syria,Byehsidouni - بيحسدوني,2011,ar,True,0.9959,0.227,0.103,0.67,post
George Wassouf,Syria,Sa7i El Leil - صاحي الليل,2020,ar,True,0.0,0.0,0.0,1.0,post
George Wassouf,Syria,Ana Asef - أنا آسف,1999,ar,True,0.9978,0.174,0.084,0.743,pre
George Wassouf,Syria,Alb Al Asheq Daleiloh - قلب العاشق دليله,2002,ar,True,0.0,0.0,0.0,1.0,pre
George Wassouf,Syria,Saber W Radi - صابر وراضي,2003,ar,True,0.0,0.0,0.0,1.0,pre
George Wassouf,Syria,Kalamak Ya Habibi - كلامك يا حبيبي,2008,ar,True,0.9967,0.218,0.071,0.711,pre
George Wassouf,Syria,Sehert El Liel - سهرت الليل,2004,ar,True,-0.9978,0.071,0.16,0.769,pre
George Wassouf,Syria,El Hawa Sultan - الهوى سلطان,1984,ar,True,0.9997,0.415,0.072,0.512,pre
George Wassouf,Syria,Ma Teoulou Leeh - ما تقولو ليه,2000,ar,True,0.0,0.0,0.0,1.0,pre
George Wassouf,Syria,Asaab Fourak - أصعب فراق,2008,ar,True,0.0,0.0,0.0,1.0,pre
George Wassouf,Syria,Allah Karim - الله كريم,2009,ar,True,0.0,0.0,0.0,1.0,pre
George Wassouf,Syria,Lailat Wedaena (Ya Habibi) - ليلة وداعنا (يا حبيبي),2006,ar,True,0.9985,0.236,0.039,0.725,pre
DAM,Palestine,Emta Njawzak Yamma,2019,ar,True,0.9874,0.13,0.074,0.796,pre
DAM,Palestine,Milliardat - ملياردات,2019,ar,True,0.0,0.0,0.0,1.0,pre
DAM,Palestine,JASADIK-HOM - جسدكهم,2019,ar,True,-0.933,0.037,0.053,0.91,pre
DAM,Palestine,Ben Haana Wa Maana - بين حانة ومانة,,ar,True,0.7305,0.052,0.037,0.911,post
DAM,Palestine,Meen Erhabe (Who’s the Terrorist?) [English Version],2001,en,False,-0.9979,0.085,0.22,0.696,pre
DAM,Palestine,Prozac - بروزاك,2019,ar,True,-0.9888,0.008,0.069,0.923,pre
DAM,Palestine,Dathiruni - دثروني,2019,ar,True,0.9957,0.195,0.063,0.742,pre
DAM,Palestine,#Who_You_R,,en,False,-0.9242,0.105,0.123,0.771,post
DAM,Palestine,"Mama, I Fell in Love with a Jew - وقعت بحب يهوديه",2012,en,False,0.9998,0.29,0.017,0.693,pre
DAM,Palestine,Ya Weli - يا ويلي,2019,ar,True,-0.991,0.029,0.096,0.876,pre
DAM,Palestine,I don’t have freedom - ما الي حرية,2007,ar,True,-0.9242,0.14,0.149,0.71,pre
DAM,Palestine,Hada Yidie Sitna - حدا يدعي ستنا,,ar,True,0.3291,0.049,0.03,0.921,post
DAM,Palestine,Stranger in my own country - غريب في بلادي,,ar,True,0.9015,0.108,0.103,0.789,post
DAM,Palestine,If I Could Go Back In Time - لو أرجع بالزمن,2012,ar,True,-0.9491,0.096,0.116,0.788,pre
DAM,Palestine,Who`s the Terrorist ( مين إرهابي ),2008,ar,True,-0.9998,0.056,0.271,0.673,pre
DAM,Palestine,Change Tomorrow - نغير بكره,2007,ar,True,0.7822,0.069,0.053,0.878,pre
DAM,Palestine,Freedom for My Sisters - الحريه انثى,2006,ar,True,-0.7887,0.0,0.012,0.988,pre
DAM,Palestine,Overdose - أوڤيردوس,2019,ar,True,-0.8433,0.091,0.105,0.804,pre
DAM,Palestine,Ha’e’e Kfaye - حقيقي كفاية,,ar,True,-0.3336,0.132,0.122,0.746,post
DAM,Palestine,Share’20 - شارع ٢٠,,ar,True,-0.9805,0.042,0.075,0.883,post
Shadia Mansour,Palestine,Al Kufiyyeh 3arabeyyeh ( الكوفية عربية ) (English version),2011,ar,True,0.9807,0.083,0.046,0.871,pre
Shadia Mansour,Palestine,كلن عندن دبابات | Kollon 3endon Dababaat (They all have military tanks),,ar,True,-0.9423,0.118,0.133,0.749,post
Shadia Mansour,Palestine,Ro7a Bla Raj3a (Journey of no return) - روحة بلا رجعة,,ar,True,-0.4767,0.0,0.181,0.819,post
Shadia Mansour,Palestine,Lezim Netghayar (We have to change) - لازم نتغير,,ar,True,-0.7587,0.109,0.114,0.777,post
Shadia Mansour,Palestine,Kellon andon dabbabet (كلن عندن دبابات),,ar,True,-0.9423,0.118,0.133,0.749,post
Shadia Mansour,Palestine,Assalamou Alaykoum - السلام عليكم,,ar,True,0.9887,0.18,0.022,0.798,post
Shadia Mansour,Palestine,Bazam | بزام,,ar,True,0.953,0.109,0.081,0.81,post
Tamer Nafar,Palestine,Johnnie Mashi - جوني ماشي,2017,ar,True,0.0,0.0,0.0,1.0,pre
Tamer Nafar,Palestine,Lord of Revolution - إله الثورة,,ar,True,-0.9491,0.093,0.101,0.806,post
Tamer Nafar,Palestine,Ya Rit - يا ريت,2016,ar,True,0.9982,0.234,0.101,0.665,pre
Tamer Nafar,Palestine,Kulombus Jinsi - قربي شوي كولومبوس جنسي,,ar,True,-0.4444,0.103,0.101,0.796,post
Tamer Nafar,Palestine,Ebn Al Lyd - إبن اللد,2022,ar,True,0.9855,0.16,0.075,0.765,pre
Tamer Nafar,Palestine,GO THERE,2022,ar,True,0.9373,0.05,0.0,0.95,pre
Tamer Nafar,Palestine,Tamer Nafar - Arabs Say Khod,2022,en,False,0.9874,0.107,0.046,0.847,pre
Tamer Nafar,Palestine,Ana Winti - أنا ونتي,,ar,True,0.9982,0.164,0.076,0.76,post
Tamer Nafar,Palestine,Bab al Shams - باب الشمس,,ar,True,0.9916,0.097,0.043,0.86,post
Tamer Nafar,Palestine,Darbak Khadra Feat Mouna Hawa - دربك خضرا مع منى حوا,,ar,True,0.9924,0.103,0.032,0.866,post
Tamer Nafar,Palestine,Ta lal alef la M E R - من ال-ت لل-أ,,ar,True,-0.9888,0.07,0.11,0.82,post
Tamer Nafar,Palestine,Seret Aravi - Jigga Juice Remix - סרט ערבי -ג’יגה ג’וס רימיקס,2016,he,True,-0.8817,0.06,0.081,0.859,pre
Tamer Nafar,Palestine,Awal Bawal - أول بأول,,ar,True,-0.2472,0.068,0.063,0.869,post
Tamer Nafar,Palestine,Mi Ha’terrorist? - ?מי הטרוריסט,2001,he,True,-0.9997,0.086,0.31,0.604,pre
Tamer Nafar,Palestine,Ana Winti Part 2 - أنا وأنتي الجزء الثاني,,ar,True,0.966,0.088,0.061,0.851,post
Tamer Nafar,Palestine,Korsi - كرسي,2023,ar,True,-0.9934,0.067,0.142,0.791,post
Tamer Nafar,Palestine,Scarlett Johansson Has Gas,,en,False,0.8814,0.104,0.091,0.805,post
Tamer Nafar,Palestine,Long Run Feat. Tamer nafar (HEBREW),,he,True,0.9442,0.067,0.046,0.887,post
Tamer Nafar,Palestine,Letter (Tamer) - من ال ي لل أ,,ar,True,0.677,0.117,0.108,0.775,post
Tamer Nafar,Palestine,Asami - الأسامي,,ar,True,0.0,0.0,0.0,1.0,post
Mohammed Assaf,Palestine,Dammi Falastini - دمي فلسطيني,2015,ar,True,0.9305,0.067,0.014,0.918,pre
Mohammed Assaf,Palestine,Makanak Khaly - مكانك خالي,2018,ar,True,0.0,0.0,0.0,1.0,pre
Mohammed Assaf,Palestine,Salam Le Gaza - سلام لغزة,2024,ar,True,0.0397,0.215,0.205,0.58,post
Mohammed Assaf,Palestine,Baddek Enayah - بدك عناية,2017,ar,True,0.9372,0.21,0.106,0.684,pre
Mohammed Assaf,Palestine,Rani - راني,2017,ar,True,0.0,0.0,0.0,1.0,pre
Mohammed Assaf,Palestine,عللومة عللومة,2017,ar,True,0.9693,0.231,0.186,0.582,pre
Saint Levant,Palestine,KALAMANTINA - كلمنتينا,2025,en,False,-0.9929,0.094,0.146,0.76,post
Saint Levant,Palestine,Very Few Friends,2022,en,False,0.9834,0.107,0.021,0.872,pre
Saint Levant,Palestine,NARI NARI NARI - ناري ناري ناري,2025,ar,True,-0.3818,0.012,0.016,0.972,post
Saint Levant,Palestine,Nails,2023,en,False,-0.9867,0.089,0.137,0.773,post
Saint Levant,Palestine,"From Gaza, With Love",2023,en,False,0.9931,0.145,0.041,0.814,post
Saint Levant,Palestine,DO YOU LOVE ME? - سنيورة,2025,ar,True,0.999,0.258,0.038,0.705,post
Saint Levant,Palestine,WAZIRA - وزيرة,2025,ar,True,0.9926,0.137,0.0,0.863,post
Saint Levant,Palestine,I Guess,2022,en,False,0.9959,0.188,0.021,0.791,pre
Saint Levant,Palestine,FaceTime,2023,en,False,-0.9888,0.071,0.141,0.788,post
Saint Levant,Palestine,Forgive Me,2024,en,False,0.4071,0.097,0.089,0.814,post
Saint Levant,Palestine,EXILE - معاكي,2025,en,False,-0.7684,0.035,0.073,0.892,post
Saint Levant,Palestine,Galbi,2024,en,False,-0.1779,0.042,0.052,0.906,post
Saint Levant,Palestine,DALOONA - دلعونة,2024,ar,True,0.9745,0.093,0.017,0.89,post
Saint Levant,Palestine,Allah Yihmeeki,2024,ar,True,0.9978,0.262,0.024,0.714,post
Saint Levant,Palestine,Deira,2024,en,False,0.9109,0.091,0.01,0.9,post
Saint Levant,Palestine,DIVA - بنت الذهبية,2025,en,False,0.9388,0.079,0.007,0.914,post
Saint Levant,Palestine,5am in Paris,2024,fr,True,-0.9888,0.03,0.143,0.827,post
Saint Levant,Palestine,SAMRA - سمرة,2025,ar,True,0.9762,0.095,0.029,0.876,post
Saint Levant,Palestine,WAIN MAADY WAIN - وين معدي وين,2025,en,False,0.9517,0.06,0.009,0.932,post
Saint Levant,Palestine,Between the Lines,2023,en,False,0.9736,0.057,0.013,0.93,post
Bashar Murad,Palestine,Wild West,2024,en,False,0.9911,0.202,0.114,0.684,post
Bashar Murad,Palestine,Vestrið villt,2024,no,True,0.993,0.222,0.123,0.656,post
Bashar Murad,Palestine,Stone,2024,en,False,-0.7291,0.058,0.082,0.86,post
Bashar Murad,Palestine,Maskhara (مسخرة),2020,ar,True,0.0,0.0,0.0,1.0,pre
Mahmoud Darwish,Palestine,Identity card (English version) - بطاقة هوية,,en,False,-0.768,0.038,0.053,0.909,post
Mahmoud Darwish,Palestine,بطاقة هوية ( An Identity Card),1964,ar,True,-0.968,0.038,0.08,0.882,pre
Mahmoud Darwish,Palestine,À ma mère,,fr,True,0.7424,0.095,0.051,0.854,post
Mahmoud Darwish,Palestine,"Who am I , without exile?",,en,False,0.9407,0.073,0.02,0.907,post
Mahmoud Darwish,Palestine,بطاقة هوية - Carte d’identité (Version française),,fr,True,-0.422,0.046,0.058,0.897,post
Mahmoud Darwish,Palestine,"My God, Why Did You Forsake Me?",,en,False,0.9615,0.177,0.038,0.785,post
Mahmoud Darwish,Palestine,فكّر بغيرك,,ar,True,-0.5155,0.085,0.11,0.805,post
Mahmoud Darwish,Palestine,Eleven Stars Over Andalusia,,en,False,0.6553,0.042,0.029,0.929,post
Mahmoud Darwish,Palestine,The dice player,2008,en,False,-0.3156,0.09,0.083,0.827,pre
Mahmoud Darwish,Palestine,Identity Card,,en,False,-0.9055,0.051,0.082,0.867,post
Monetochka,Russia,Селфхарм (Selfharm),,ru,True,0.9994,0.324,0.127,0.549,post
Monetochka,Russia,Каждый раз (Every Time),,ru,True,-0.9753,0.048,0.086,0.866,post
Monetochka,Russia,Кис Кис Кис (Kis Kis Kis),,ru,True,0.9749,0.14,0.115,0.745,post
Monetochka,Russia,Нимфоманка (Nymphomaniac),,ru,True,0.8176,0.078,0.048,0.874,post
Monetochka,Russia,Это было в России (It Was in Russia),,ru,True,0.987,0.136,0.065,0.799,post
Monetochka,Russia,Нет монет (No Coins),,ru,True,-0.9759,0.114,0.145,0.741,post
Monetochka,Russia,Последняя дискотека (The Last Disco),,ru,True,-0.3342,0.102,0.094,0.804,post
Monetochka,Russia,Монополия (Monopoly),,ru,True,0.8982,0.119,0.106,0.776,post
Monetochka,Russia,Твоё имя (Your Name),,ru,True,-0.673,0.079,0.091,0.829,post
Monetochka,Russia,90,,ru,True,-0.9936,0.073,0.166,0.761,post
Monetochka,Russia,Ты солдат (You Are a Soldier)*,,ru,True,-0.994,0.078,0.236,0.686,post
Monetochka,Russia,Пост-пост (Post-post),,ru,True,0.8423,0.092,0.074,0.834,post
Monetochka,Russia,Русский ковчег (Russian Ark),,ru,True,-0.9928,0.11,0.193,0.697,post
Monetochka,Russia,Запорожец (Zaporozhets),,ru,True,0.8979,0.115,0.075,0.81,post
Monetochka,Russia,Ночной ларёк (Night Stall),,ru,True,-0.9568,0.028,0.102,0.87,post
IC3PEAK,Russia,Смерти больше нет (No More Death),,ru,True,0.9599,0.097,0.067,0.836,post
IC3PEAK,Russia,Грустная сука (Sad Bitch),,ru,True,-0.9972,0.133,0.277,0.591,post
IC3PEAK,Russia,TRRST,,en,False,-0.9997,0.079,0.359,0.562,post
IC3PEAK,Russia,Сказка (Fairytale),,ru,True,-0.9953,0.023,0.184,0.793,post
IC3PEAK,Russia,Плак-Плак (Boo-Hoo),,ru,True,-0.9873,0.113,0.173,0.714,post
IC3PEAK,Russia,Весело и грустно (Happy and Sad),,ru,True,0.9994,0.412,0.166,0.422,post
IC3PEAK,Russia,Пламя (Flame),,ru,True,0.2773,0.126,0.141,0.733,post
IC3PEAK,Russia,Таблетки (Pills),,ru,True,0.988,0.215,0.085,0.7,post
IC3PEAK,Russia,VAMPIR,,ru,True,0.8237,0.179,0.154,0.667,post
IC3PEAK,Russia,Марш (Marching),,ru,True,0.9611,0.08,0.035,0.885,post
IC3PEAK,Russia,Зеркало (Mirror),,ru,True,-0.9532,0.021,0.082,0.896,post
IC3PEAK,Russia,Привет (Hello),,ru,True,-0.562,0.093,0.103,0.804,post
IC3PEAK,Russia,Яма (Hole),,ru,True,-0.9715,0.12,0.159,0.721,post
IC3PEAK,Russia,This World Is Sick,,en,False,0.9964,0.258,0.047,0.695,post
IC3PEAK,Russia,Красота и сила (Beauty and Strength),,ru,True,0.9145,0.166,0.117,0.717,post
Assala Nasri,Syria,Qad El Horoof - قد الحروف,,ar,True,0.0,0.0,0.0,1.0,post
Assala Nasri,Syria,Fouq - فوووق,,ar,True,0.0,0.0,0.0,1.0,post
Assala Nasri,Syria,60 Dqiqa Haiah - ٦٠ دقيقة حياة,,ar,True,0.9982,0.245,0.048,0.707,post
Assala Nasri,Syria,El Ward El Balady - الورد البلدي,,ar,True,0.9928,0.255,0.077,0.668,post
Assala Nasri,Syria,Sabb Farhety - سبب فرحتي,,ar,True,0.9955,0.182,0.03,0.789,post
Assala Nasri,Syria,Ensan - إنسان,,ar,True,0.9907,0.186,0.088,0.726,post
Assala Nasri,Syria,Soaal Basit - سؤال بسيط,,ar,True,0.9926,0.133,0.023,0.844,post
Assala Nasri,Syria,Aman Aman - أمان أمان,,ar,True,0.9984,0.294,0.059,0.648,post
Assala Nasri,Syria,Boaadak Ani - بعدك عني,,ar,True,0.0,0.0,0.0,1.0,post
Assala Nasri,Syria,Sandooq - صندوق,,ar,True,0.9927,0.141,0.047,0.812,post
Assala Nasri,Syria,Sid Lghram - سيد الغرام,,ar,True,0.0,0.0,0.0,1.0,post
Assala Nasri,Syria,Aktar - أكتر,,ar,True,0.0,0.0,0.0,1.0,post
Assala Nasri,Syria,Shokran - شكراً,,ar,True,0.0,0.0,0.0,1.0,post
Assala Nasri,Syria,Ya Magnon - يا مجنون,,ar,True,0.9909,0.256,0.211,0.534,post
Assala Nasri,Syria,Asfa - آسفة,,ar,True,0.9849,0.15,0.064,0.786,post
Sabah Fakhri,Syria,هيمتني,,ar,True,-0.9678,0.056,0.231,0.713,post
Sabah Fakhri,Syria,Kol lel Maliha,,ar,True,0.9946,0.212,0.058,0.731,post
Sabah Fakhri,Syria,samra’a,,ar,True,0.9643,0.17,0.121,0.709,post
Warda Al-Jazairia,Syria,Batwanes Beek - بتونس بيك,,ar,True,0.9991,0.148,0.038,0.814,post
Warda Al-Jazairia,Syria,Laialeena - ليالينا,,ar,True,0.9435,0.121,0.1,0.779,post
Warda Al-Jazairia,Syria,Lola El Malama - لولا الملامة,,ar,True,0.0,0.0,0.0,1.0,post
Warda Al-Jazairia,Syria,Haramt Ahebak - حرمت أحبك,,ar,True,0.9992,0.291,0.175,0.535,post
Warda Al-Jazairia,Syria,Hekayty Maa El Zaman - حكايتي مع الزمان,,ar,True,0.6325,0.089,0.06,0.851,post
Warda Al-Jazairia,Syria,Tab Wana Maly - طب وأنا مالي,,ar,True,0.9971,0.196,0.086,0.718,post
Warda Al-Jazairia,Syria,Bawadaak - بودعك,,ar,True,0.9752,0.028,0.0,0.972,post
Warda Al-Jazairia,Syria,Nar El Ghera - نار الغيرة,,ar,True,-0.9982,0.015,0.184,0.8,post
Warda Al-Jazairia,Syria,Wahashtony - وحشتوني,,ar,True,0.9996,0.332,0.128,0.54,post
Warda Al-Jazairia,Syria,El Baghbaghan - البغبغان,,ar,True,0.0,0.0,0.0,1.0,post
Warda Al-Jazairia,Syria,Eshtrony - إشتروني,,ar,True,0.9982,0.206,0.026,0.768,post
Warda Al-Jazairia,Syria,Ana Arfa - أنا عارفة,,ar,True,0.983,0.114,0.049,0.837,post
Warda Al-Jazairia,Syria,Hobak Salehne - حبك صالحني,,ar,True,0.9997,0.267,0.05,0.683,post
Warda Al-Jazairia,Syria,Ya Sidi - يا سيدي,,ar,True,0.9996,0.221,0.024,0.755,post
Warda Al-Jazairia,Syria,Ana Leya Men Gherak - أنا ليا مين غيرك,,ar,True,0.9909,0.17,0.107,0.723,post
Mayada El Hennawy,Syria,El Hob Elly Kan - الحب اللي كان,,ar,True,0.4939,0.004,0.0,0.996,post
Mayada El Hennawy,Syria,Bayent El Hob Alaya - بينت الحب عليا,,ar,True,0.9971,0.175,0.069,0.756,post
Mayada El Hennawy,Syria,El Shams - الشمس,,ar,True,0.9978,0.148,0.11,0.742,post
Mayada El Hennawy,Syria,Ana Baashaak - أنا بعشقك,,ar,True,0.9996,0.135,0.026,0.839,post
Mayada El Hennawy,Syria,Kaloly Ansa - قالولي أنسى,,ar,True,0.9987,0.227,0.088,0.686,post
Mayada El Hennawy,Syria,Seboly Albi - سيبولي قلبي,,ar,True,0.9988,0.26,0.091,0.649,post
Mayada El Hennawy,Syria,Habet Zekraiat - حبة ذكريات,,ar,True,0.0,0.0,0.0,1.0,post
Mayada El Hennawy,Syria,Betebeaid Any - بتبعد عني,,ar,True,0.9952,0.173,0.098,0.729,post
Mayada El Hennawy,Syria,Ana Mokhlesalak - أنا مخلصالك,,ar,True,0.999,0.211,0.029,0.761,post
Mayada El Hennawy,Syria,Ahebany Kama Ana - أحبني كما أنا,,ar,True,0.9991,0.354,0.053,0.593,post
Mayada El Hennawy,Syria,Ghayart Haytey - غيرت حياتي,,ar,True,0.9989,0.192,0.025,0.783,post
Mayada El Hennawy,Syria,Kebriaay - كبريائي,,ar,True,0.0,0.0,0.0,1.0,post
Mayada El Hennawy,Syria,Toba - توبة,,ar,True,0.9974,0.259,0.116,0.626,post
Mayada El Hennawy,Syria,Galak Kalamy - جالك كلامي,,ar,True,0.9997,0.316,0.053,0.631,post
Mayada El Hennawy,Syria,Mahma Aghany - مهما أغني,,ar,True,0.0,0.0,0.0,1.0,post
Samo Zaen,Syria,Ana Leek - أنا ليك,,ar,True,0.9997,0.473,0.019,0.509,post
Samo Zaen,Syria,Arraby Leya - قربي ليا,,ar,True,0.998,0.27,0.0,0.73,post
Samo Zaen,Syria,Laanek Meaaya - لأنك معايا,,ar,True,0.0,0.0,0.0,1.0,post
Samo Zaen,Syria,Taala Bas - تعالى بس,,ar,True,0.0,0.0,0.0,1.0,post
Samo Zaen,Syria,El Ward El Ahmar - الورد الأحمر,,ar,True,0.9854,0.17,0.079,0.751,post
Samo Zaen,Syria,Arbah Huroof - أربع حروف,,ar,True,0.0,0.0,0.0,1.0,post
Samo Zaen,Syria,Ayez Meny Eih - عايز مني إيه,,ar,True,0.9816,0.172,0.1,0.728,post
Samo Zaen,Syria,Di Habebti - دي حبيبتي,,ar,True,0.0,0.0,0.0,1.0,post
Samo Zaen,Syria,Helemt Beeky - حلمت بيكي,,ar,True,0.9872,0.105,0.016,0.879,post
Samo Zaen,Syria,Hataraf Amtey - هتعرف قيمتي,,ar,True,0.0,0.0,0.0,1.0,post
Samo Zaen,Syria,Fi Ashek - في عشقك,,ar,True,0.0,0.0,0.0,1.0,post
Samo Zaen,Syria,Aady - عادي,,ar,True,0.0,0.0,0.0,1.0,post
Samo Zaen,Syria,El Masal (El Asal) - المثل (العسل),,ar,True,0.9982,0.289,0.024,0.687,post
Samo Zaen,Syria,Faris Ahlamek - فارس أحلامك,,ar,True,0.9963,0.288,0.016,0.696,post
Samo Zaen,Syria,Taleaa Le Mein - طالع لمين,,ar,True,0.0,0.0,0.0,1.0,post
Rim Banna,Palestine,Supply me with an excess of love - زدني بفرط الحب,,ar,True,0.878,0.176,0.102,0.722,post
Rim Banna,Palestine,يا شعوب الشرق,,ar,True,0.8447,0.126,0.087,0.787,post
Rim Banna,Palestine,Sarah,,ar,True,-0.6808,0.059,0.093,0.849,post
Rim Banna,Palestine,Aftert You Left - من بعدك,,ar,True,0.8133,0.176,0.13,0.694,post
Nai Barghouti,Palestine,Ghandara,,ar,True,0.9776,0.137,0.082,0.781,post
Mashrou Leila,Palestine,Ma Tetrikni Heik - ما تتركني هيك,,ar,True,-0.8457,0.122,0.161,0.717,post
Mashrou Leila,Palestine,Fasateen - فساتين,,ar,True,0.9329,0.148,0.083,0.769,post
Mashrou Leila,Palestine,Raksit Leila - رقصة ليلى,,ar,True,-0.9791,0.0,0.217,0.783,post
Mashrou Leila,Palestine,Shim el Yasmine - شم الياسمين,,ar,True,0.9164,0.173,0.036,0.791,post
Mashrou Leila,Palestine,Comrades - أصحابي,,ar,True,0.0,0.0,0.0,1.0,post
Mashrou Leila,Palestine,Kalaam (s/he) - كلام,,ar,True,-0.9818,0.015,0.085,0.9,post
Mashrou Leila,Palestine,Djin - الجن,,ar,True,-0.8998,0.072,0.121,0.807,post
Mashrou Leila,Palestine,Ala Babu - على بابه,,ar,True,0.0,0.0,0.0,1.0,post
Mashrou Leila,Palestine,Cavalry - معاليك,,ar,True,0.9109,0.153,0.101,0.745,post
Mashrou Leila,Palestine,3 minutes - ٣ دقائق,,ar,True,0.8834,0.156,0.099,0.745,post
Mashrou Leila,Palestine,Lil Watan - للوطن,,ar,True,-0.4657,0.122,0.136,0.742,post
Mashrou Leila,Palestine,Abdo - عبدو,,ar,True,0.0,0.0,0.0,1.0,post
Mashrou Leila,Palestine,Taxi - تاكسي,,ar,True,-0.8278,0.088,0.154,0.758,post
Mashrou Leila,Palestine,Wa Nueid - ونعيد,,ar,True,-0.7964,0.034,0.098,0.868,post
Mashrou Leila,Palestine,Tayf (Ghost) - طيف,,ar,True,-0.415,0.036,0.046,0.918,post
Dudu Aharon,Israel,Hagiga Be’Israel - חגיגה בישראל,,he,True,0.9821,0.165,0.054,0.781,post
Dudu Aharon,Israel,טרמינל 3 - Terminal 3,,he,True,0.9894,0.235,0.026,0.739,post
Dudu Aharon,Israel,Hatuna Shel Hasmachot - חתונה של השמחות,,he,True,0.9883,0.105,0.026,0.869,post
Dudu Aharon,Israel,Bachalomot Shelanu - בחלומות שלנו,,he,True,0.8666,0.156,0.132,0.712,post
Dudu Aharon,Israel,Hasimcha Shelanu - השמחה שלנו,,he,True,0.999,0.308,0.006,0.685,post
Dudu Aharon,Israel,24 Sha’ot - 24 שעות,,he,True,0.9812,0.194,0.03,0.777,post
Dudu Aharon,Israel,Natata Li Ota - נתת לי אותה,,he,True,0.9978,0.245,0.041,0.714,post
Dudu Aharon,Israel,Sam Taba’at Ale’ah - שם טבעת עליה,,he,True,0.9962,0.196,0.069,0.734,post
Dudu Aharon,Israel,HaLev Shelach Bemamtina - הלב שלך בממתינה,,he,True,0.9949,0.229,0.102,0.669,post
Dudu Aharon,Israel,Simi Lak - שימי לק,,he,True,0.9666,0.164,0.084,0.752,post
Dudu Aharon,Israel,Ahava Al Esh Ktana - אהבה על אש קטנה,,he,True,0.9735,0.194,0.137,0.67,post
Dudu Aharon,Israel,Halamti - חלמתי,,he,True,0.99,0.209,0.1,0.692,post
Dudu Aharon,Israel,הגורל הזה - This Destiny,,he,True,0.9316,0.173,0.112,0.715,post
Dudu Aharon,Israel,Shona Mimeni - שונה ממני,,he,True,0.9983,0.279,0.096,0.625,post
Dudu Aharon,Israel,Kmo Yeladim - כמו ילדים,,he,True,0.9945,0.207,0.012,0.781,post
Eyal Golan,Israel,Am Israel Hai - עם ישראל חי,,he,True,0.994,0.215,0.09,0.694,post
Eyal Golan,Israel,Yaldei Hamirpasot - ילדי המרפסות,,he,True,0.6548,0.069,0.06,0.871,post
Eyal Golan,Israel,Ra’kevet Harim - רכבת הרים,,he,True,0.8126,0.079,0.053,0.869,post
Eyal Golan,Israel,Mi’kan Ve’ad Ha’netsach - מכאן ועד הנצח,,he,True,0.9977,0.255,0.032,0.713,post
Eyal Golan,Israel,Mikol Ha’ahavot Hazmaniyot - מכל האהבות הזמניות,,he,True,0.9937,0.156,0.04,0.804,post
Eyal Golan,Israel,Eer Namal - עיר נמל,,he,True,0.3666,0.095,0.1,0.806,post
Eyal Golan,Israel,Israel - ישראל,,he,True,0.9666,0.14,0.035,0.825,post
Eyal Golan,Israel,Tzlil Meitar - צליל מיתר,,he,True,-0.0946,0.104,0.115,0.781,post
Eyal Golan,Israel,Pizmon Acher - פזמון אחר,,he,True,0.9656,0.132,0.089,0.779,post
Eyal Golan,Israel,Mimah At Mefachedet - ממה את מפחדת,,he,True,-0.8113,0.0,0.03,0.97,post
Eyal Golan,Israel,Omed Kan Levadi - עומד כאן לבדי,,he,True,0.9888,0.198,0.056,0.746,post
Eyal Golan,Israel,Hozer Habayta - חוזר הביתה,,he,True,0.8766,0.113,0.07,0.817,post
Eyal Golan,Israel,Kshe’at Ito - כשאת איתו,,he,True,0.9291,0.202,0.143,0.655,post
Eyal Golan,Israel,Mi She’mamin - מי שמאמין,,he,True,0.9716,0.161,0.072,0.767,post
Eyal Golan,Israel,Im Rak Hayit Yoda’at - אם רק היית יודעת,,he,True,-0.7861,0.119,0.16,0.722,post
